date,username,to,replies,retweets,favorites,text,geo,mentions,hashtags,id,permalink
2020-06-24 05:38:07,JaxQAnon,"Wow, great find!",https://twitter.com/JaxQAnon/status/1275664478877683712
2020-06-24 05:38:02,PaxPippa,"Good morning! Have a good day! I wish Itâ€™s almost 2pm here but pic.twitter.com/uE6ZvKqnhe",https://twitter.com/PaxPippa/status/1275664458464088066
2020-06-24 05:37:59,meliyurr,"Nice joke",https://twitter.com/meliyurr/status/1275664444866146307
2020-06-24 05:37:56,R__carmouche,"True colors cone out now",https://twitter.com/R__carmouche/status/1275664432677429253
2020-06-24 05:37:54,planetdrooll,"I hate when some girls switch up fast",https://twitter.com/planetdrooll/status/1275664424821497858
2020-06-24 05:37:52,ratkutti,"@NerdPyle Good night I cave",https://twitter.com/ratkutti/status/1275664418798555137
2020-06-24 05:37:51,SickBanned,"Yet was trying to save brooks",https://twitter.com/SickBanned/status/1275664412142186497
2020-06-24 05:37:49,ivjay11,"That mi a say to bbc",https://twitter.com/ivjay11/status/1275664404927954944
2020-06-24 05:37:47,malkhawam,"Too lazy tbh",https://twitter.com/malkhawam/status/1275664395008380929
2020-06-24 05:37:37,hijodeprada,"And liking this she went and fetishized hijab https://twitter.com/notsogosiing/status/1275484106499821568 â€¦",https://twitter.com/hijodeprada/status/1275664355313487875
2020-06-24 05:37:36,jaiibtw,"2 of them dont even speak english how tf we supposed to know what they saying???",https://twitter.com/jaiibtw/status/1275664351119187970
2020-06-24 05:37:34,easyA_,"Fallin asleep on your s/oâ€™s chest gotta be the safest most comfortable place in the world.",https://twitter.com/easyA_/status/1275664343384948739
2020-06-24 05:37:33,C_Carmichael83,"Morning #EarlyRisersClub - love this one Kenny. Happy hump day everyone! Day of home visits for me and off tomorrow yay Hope you all have a fabulous day! pic.twitter.com/FmSym1JHaC",https://twitter.com/C_Carmichael83/status/1275664339668795394
2020-06-24 05:37:33,blackholedeaths,"i just got done meeting Elon and he said he gonna bring back mj but with a exoskeleton",https://twitter.com/blackholedeaths/status/1275664338783735810
2020-06-24 05:37:28,kthscrown,"The person who said this is on private now. I can't find it",https://twitter.com/kthscrown/status/1275664318374334464
2020-06-24 05:37:26,S4AUCE,"Stay woke. Niggas",https://twitter.com/S4AUCE/status/1275664307611631616
2020-06-24 05:37:23,Penny_proud92,"Once I rub my feet together and rub my ear.... Issa wrap",https://twitter.com/Penny_proud92/status/1275664295410438145
2020-06-24 05:37:21,Team_Janae_,"My back is killing me goodnight",https://twitter.com/Team_Janae_/status/1275664288225595393
2020-06-24 05:37:08,QingminChen,"Bunny's sleepy face...",https://twitter.com/QingminChen/status/1275664231971553287
2020-06-24 05:37:07,_uknwuwantMOORE,"the more pillow, the better",https://twitter.com/_uknwuwantMOORE/status/1275664228620345346
2020-06-24 05:37:07,caliallstan,"anyways night night twitta pic.twitter.com/vpcgY6cdsw",https://twitter.com/caliallstan/status/1275664227479543809
2020-06-24 05:37:05,_H4i13y_,"My bf just left me to play some video games sooo goodnight folks",https://twitter.com/_H4i13y_/status/1275664221829828608
2020-06-24 05:37:03,i6nqx,"and you .",https://twitter.com/i6nqx/status/1275664212577091590
2020-06-24 05:36:58,Smitchalot,"Defying doctor advice of â€œhe might be groggy and probably sleep moreâ€ Harvey was up at 6 again",https://twitter.com/Smitchalot/status/1275664191706275840
2020-06-24 05:36:58,lindsbianx,"Iâ€™m trying out white noise for Oliver and itâ€™s working for both of us",https://twitter.com/lindsbianx/status/1275664190695448578
2020-06-24 05:36:56,GemmaTweddell,"@planetjedward @JepicHQ Hey, gonna go back to sleep for a bit before work. Hope you're having a good sleep xxxxxxxxxxxxxxxxxxxxxxxxxxxxxxxxxx",https://twitter.com/GemmaTweddell/status/1275664182717939712
2020-06-24 05:36:56,tatym_j,"Yâ€™all can take my place if you can get it. I promise it ainâ€™t all that & a bag of chips",https://twitter.com/tatym_j/status/1275664180603994113
2020-06-24 05:36:54,Lillianna277,"Iâ€™m off to bed now; passed 1 a.m. trick to sleeping peacefully, is going to bed exhausted... #PleasantDreams !!pic.twitter.com/R7RYpZJaRI",https://twitter.com/Lillianna277/status/1275664174320844801
2020-06-24 05:36:48,Panda8ngel,"@supershigi Your song is so beautiful! And Rakuen is an amazing game!https://twitter.com/Panda8ngel/status/1275649671495585794 â€¦",https://twitter.com/Panda8ngel/status/1275664149163499521
2020-06-24 05:36:46,empressrozey,"now why are they using the ht already sa 30 pa kasi mga mamser",https://twitter.com/empressrozey/status/1275664141252988928
2020-06-24 05:36:44,dabbg_,"first day of school was fine pagi2 dah knk teriak cg cos ""i use the yellow way line"" ma'am im trying to avoid the people who were lining up",https://twitter.com/dabbg_/status/1275664130981138432
2020-06-24 05:36:43,ashish8786,"Tum nishachar ho ?? . Acha tell me na how to join your telegram group?",https://twitter.com/ashish8786/status/1275664129450291202
2020-06-24 05:36:39,CH4NGBlN,"#PRETTYMUCHISOVERPARTY who? stan stray kids pic.twitter.com/te5c3o6msh",https://twitter.com/CH4NGBlN/status/1275664111737724929
2020-06-24 05:36:38,KiidSyn,"Somebody farted and it sounded like someone was laughing. Im done with the world tonight. Goodnight yaâ€™ll",https://twitter.com/KiidSyn/status/1275664106553585666
2020-06-24 05:36:29,wasteddays_,"nooo i dont want to see",https://twitter.com/wasteddays_/status/1275664068427251713
2020-06-24 05:36:27,doraOHdora,"sleepy sleepy sleepy!",https://twitter.com/doraOHdora/status/1275664062840475648
2020-06-24 05:36:27,jordansspam25,"doing the face reveal now cause Iâ€™m bored pic.twitter.com/0uMkpRijJB",https://twitter.com/jordansspam25/status/1275664059153690624
2020-06-24 05:36:26,sprinklejin,"sorta embarrassing to get my episodes so frequently... i mean ptsd rly takes ur guts out huh? i dont even have time to think abt my flashbacks i just cry and get on with work",https://twitter.com/sprinklejin/status/1275664055232081925
2020-06-24 05:36:19,Shawn_6ottom,"I Might Have To Lose it All To See Who Really Wit Me",https://twitter.com/Shawn_6ottom/status/1275664026106843136
2020-06-24 05:36:17,rivertiber4,"You're #FakeNoose Martha, please stop",https://twitter.com/rivertiber4/status/1275664019039367172
2020-06-24 05:36:17,misstammyhenny_,"over it",https://twitter.com/misstammyhenny_/status/1275664017890181121
2020-06-24 05:36:16,courtneylou2205,"These half 5 rises from Jessica - Grace are not ok",https://twitter.com/courtneylou2205/status/1275664015688192000
2020-06-24 05:36:15,malkhawam,"Only the truth, anytime",https://twitter.com/malkhawam/status/1275664012546658315
2020-06-24 05:36:12,Saul71008048,"Going to sleep !!! Have a good night!!!",https://twitter.com/Saul71008048/status/1275663999393239040
2020-06-24 05:36:11,YT_DP78,"Lmaoo gotta hop on bro we gettin swole",https://twitter.com/YT_DP78/status/1275663993139539971
2020-06-24 05:36:10,boycalledmeech,"I feel like thatâ€™s universal cause I do that too",https://twitter.com/boycalledmeech/status/1275663989096284162
2020-06-24 05:36:06,MaferM__,"Ash and I peacefully sleeping in the back of your camaro on an 8-hour drive",https://twitter.com/MaferM__/status/1275663974185533440
2020-06-24 05:36:03,GDKRusso,"Niggas kids they ainâ€™t tryna get money up",https://twitter.com/GDKRusso/status/1275663959287304193
2020-06-24 05:36:00,ElisapesisMommy,"I know mfkas who want yo head & honestly.....I could fkn care less if yo ass was to get hit next useless bitch",https://twitter.com/ElisapesisMommy/status/1275663948541542401
2020-06-24 05:35:52,zoe_cracknell,"Me to after the night we just had",https://twitter.com/zoe_cracknell/status/1275663913200373769
2020-06-24 05:35:49,AlmightyHanson,"I only need 79 more credits to get my degree easy money.",https://twitter.com/AlmightyHanson/status/1275663902957764609
2020-06-24 05:35:49,Fwizles,"Nah can't stop the tears from coming out rn",https://twitter.com/Fwizles/status/1275663901456302081
2020-06-24 05:35:41,Imanomads,"Sleepy heaad",https://twitter.com/Imanomads/status/1275663868954632193
2020-06-24 05:35:37,SusieWendorf,"I went to look for you and you were gone! But I know you work early! Goodnight! Rest up!",https://twitter.com/SusieWendorf/status/1275663850784927752
2020-06-24 05:35:36,ige0mwoya,"hhh so boring to see these western peeps acting like theyre the cool uncles by ,,acknowledgingâ€ kpop stans like stop tryinna b relevant pls kpop has always been it yall were just too boring to admit things that arent english is legit",https://twitter.com/ige0mwoya/status/1275663847429472257
2020-06-24 05:35:35,GGiAmOLi,"Good night everyone. The battlepass giveaway (Pinned Tweet), ends in less than 10 hours so enter while you can!",https://twitter.com/GGiAmOLi/status/1275663841297412096
2020-06-24 05:35:34,nilainlalaland,"will take straight to heaven ..",https://twitter.com/nilainlalaland/status/1275663839720353792
2020-06-24 05:35:32,FriasL82,"goodnight pic.twitter.com/zPhSAIjGtl",https://twitter.com/FriasL82/status/1275663831419826176
2020-06-24 05:35:32,Pipnu,"Of course. Half 10 here so Iâ€™m starting my nightly pursuit soon. Hope you have a fab awake as possible day.",https://twitter.com/Pipnu/status/1275663829888831488
2020-06-24 05:35:32,isasekonaa,"There goes the pill",https://twitter.com/isasekonaa/status/1275663828718682113
2020-06-24 05:35:29,dutty_dowy,"Stopp Talkk Bout The Ppl Dem Girl Child Easy Nn All Now Yuh Cya Fucc HarShe Easy Fi Fucc Nn All These Things , Yet Still Yuh Cya Get Har Muchless Fi Fucc Har .",https://twitter.com/dutty_dowy/status/1275663817142407168
2020-06-24 05:35:25,herronsdjs,"Like hey Guys! Im just zzz like *snor*",https://twitter.com/herronsdjs/status/1275663802374205441
2020-06-24 05:35:23,slothtease,"Have any of you watch Avatar the Last Airbender if so who is your favorite character? #Ask_BLACKPINK",https://twitter.com/slothtease/status/1275663793822056451
2020-06-24 05:35:21,carrie_patino,"Goodnight",https://twitter.com/carrie_patino/status/1275663784116473857
2020-06-24 05:35:14,DylanArrii,"Weâ€™ve lost so many league matches but every time we get better and better and get closer and closer. Took @CGCarnageGaming to map 5 round 11, every map being very very close. GGs to them, talented squad, great team work. Goodnight Fam",https://twitter.com/DylanArrii/status/1275663754328444928
2020-06-24 05:35:13,venhoseokii,"I never said he deserves the moon or he owns it,, I just said Give him the moon - u said it out yourself honey and well yeah he does deserve the moon , Stream his song moon",https://twitter.com/venhoseokii/status/1275663751702773763
2020-06-24 05:35:13,wolveriffverine,"Semoga July & August ada rezeki lebih. Too by something for my dad, my mom & my step mom. And my doctor baby What else any reason needed to work hard, because you love them.",https://twitter.com/wolveriffverine/status/1275663751409274882
2020-06-24 05:35:08,stonedseavey,"i said",https://twitter.com/stonedseavey/status/1275663730261528577
2020-06-24 05:35:05,peripheraljimin,"okay time for bed, goodnight pic.twitter.com/dbdlJEkux0",https://twitter.com/peripheraljimin/status/1275663715757686786
2020-06-24 05:35:04,Qhcarey02,"Iâ€™m surprised you even know. Iâ€™ve you actually read the Bible, youâ€™d know that trump fits all the signs of the anti christ. You might need to read up",https://twitter.com/Qhcarey02/status/1275663714256117771
2020-06-24 05:35:03,flawlessgal_,"Everybody ready for the sun to shine but they aint ready for the rainy days",https://twitter.com/flawlessgal_/status/1275663708283457537
2020-06-24 05:35:01,fairyybread,"Iâ€™m out of school finally",https://twitter.com/fairyybread/status/1275663701694132224
2020-06-24 05:35:00,Ruvi_Alejandra,"Yall really went from, â€œImma just stay quiet because people wont agree with meâ€, in school to being flat out racist now huh LMAO",https://twitter.com/Ruvi_Alejandra/status/1275663694576390144
2020-06-24 05:34:59,xxpeparazzi,"Imma take me a nap",https://twitter.com/xxpeparazzi/status/1275663693519388673
2020-06-24 05:34:50,fkgru,"#Affinitweet Emoji Mood , , , , , , , , , ... via https://affinitweet.com/emoji-mood pic.twitter.com/Hs3Zmrs2JQ",https://twitter.com/fkgru/status/1275663655162515459
2020-06-24 05:34:50,BerniesWorld_,"On that note Iâ€™m going to sleep",https://twitter.com/BerniesWorld_/status/1275663653006651394
2020-06-24 05:34:48,eatmyashhx,"Ready for Vegas pic.twitter.com/keXTXRYpuz",https://twitter.com/eatmyashhx/status/1275663647315025920
2020-06-24 05:34:48,mingyulaxy,"A new perspective. Thank you minghao #ì›ê·œpic.twitter.com/w5BSjOAapN",https://twitter.com/mingyulaxy/status/1275663646383845377
2020-06-24 05:34:44,VB8910,"https://youtu.be/ZXBiPY8wDT0 Thank You, Sande. Wonderful music for good morning mood. Wake up everyone! But not Sande! Night...night...",https://twitter.com/VB8910/status/1275663628637818887
2020-06-24 05:34:31,badbitchyaraa,"I couldnâ€™t even watch anything after lmaoooo just",https://twitter.com/badbitchyaraa/status/1275663575172997120
2020-06-24 05:34:28,roiicee,"early sleep. Gn",https://twitter.com/roiicee/status/1275663560715141121
2020-06-24 05:34:25,malkhawam,"Omg she is a mini jinn personified smh",https://twitter.com/malkhawam/status/1275663550208450565
2020-06-24 05:34:22,miaalyssa25,"You know whoâ€™s dms you simping in",https://twitter.com/miaalyssa25/status/1275663535209615362
2020-06-24 05:34:19,DavidNGaray05,"Irdc if you thick or not What yo smile look like ?",https://twitter.com/DavidNGaray05/status/1275663523750842368
2020-06-24 05:34:18,FTBGxDon,"Shirt off .. fan on ...",https://twitter.com/FTBGxDon/status/1275663518872875009
2020-06-24 05:34:11,sahithimohana,"I wish my younger brother asks me like this Becz he is already committed Aur mein single hi marungi pic.twitter.com/jk6usWqavg",https://twitter.com/sahithimohana/status/1275663488606785536
2020-06-24 05:34:08,alcolestudios,"Good night all",https://twitter.com/alcolestudios/status/1275663478641119238
2020-06-24 05:34:06,chelseafc2005,"ROUND 3 OF THE WEEK pic.twitter.com/DF1WqgfzSZ",https://twitter.com/chelseafc2005/status/1275663471489810435
2020-06-24 05:34:06,pretty_face007,"You gotta stop putting people at the top when they have you at the bottom!! That shit for the birds",https://twitter.com/pretty_face007/status/1275663468457275392
2020-06-24 05:34:01,Spys1x,"Your only retort is ""lololol any more""? like I thought you gender fluorides were supposed to be creative and you can't even banter properly.",https://twitter.com/Spys1x/status/1275663449389965313
2020-06-24 05:34:01,prncessmd,"Can't wait to go home then sleep.",https://twitter.com/prncessmd/status/1275663448689512450
2020-06-24 05:34:00,ItsKreeee,"Iâ€™m sooo sleepy",https://twitter.com/ItsKreeee/status/1275663445237665793
2020-06-24 05:34:00,smcareee,"take a nap",https://twitter.com/smcareee/status/1275663442423296001
2020-06-24 05:33:56,MarlonSaid_What,"Mf get tattoos of the craziest thing on them, but this cross the line? https://twitter.com/seyibully/status/1275427998251057153 â€¦",https://twitter.com/MarlonSaid_What/status/1275663429655814144
2020-06-24 05:33:46,tremontega,"I donâ€™t even trip no more",https://twitter.com/tremontega/status/1275663385896640515
2020-06-24 05:33:45,JaxQAnon,"Connected to Obama AND Bill Gates. Interesting!",https://twitter.com/JaxQAnon/status/1275663381538750466
2020-06-24 05:33:39,sara_tweetsx,"Feeling so tired",https://twitter.com/sara_tweetsx/status/1275663355441745920
2020-06-24 05:33:38,drewbellerby,"Caaaant be arrrrrsed!",https://twitter.com/drewbellerby/status/1275663353445257224
2020-06-24 05:33:38,yaboi_semaj,"The top shows a tweet thatâ€™s deserves a like. Try real comedy next time pic.twitter.com/c7xdeQNAT1",https://twitter.com/yaboi_semaj/status/1275663353399123970
2020-06-24 05:33:34,alyshacheang,"bed time",https://twitter.com/alyshacheang/status/1275663336802304005
2020-06-24 05:33:29,NvteJvcobs,"one of da hardest workers by far but da only downfall, I grew apart from my dawgs",https://twitter.com/NvteJvcobs/status/1275663315004461064
2020-06-24 05:33:24,nathan_green88,"I hate sleepin alone. Shit is overrated",https://twitter.com/nathan_green88/status/1275663294179815425
2020-06-24 05:33:24,henggarae,"we only have like 3 weeks left until she retires but i still feel like she could ruin my whole life if she wanted to",https://twitter.com/henggarae/status/1275663293999431685
2020-06-24 05:33:20,MrTbone1965,"Nos da everyone",https://twitter.com/MrTbone1965/status/1275663274630164483
2020-06-24 05:33:15,i6nqx,"me to",https://twitter.com/i6nqx/status/1275663256179421185
2020-06-24 05:33:15,Maggie60310325,"Fank yoo Janice my bootiful fren I had a great sleep Fank yoo I had a yummy breakfast too, fanks I sure hope you had a lovely day my fren. Have a wonderful restful slumber with sweet dreams Janice we luvs yoo",https://twitter.com/Maggie60310325/status/1275663254157701121
2020-06-24 05:33:14,airee_melon,"we get it youre binext caller",https://twitter.com/airee_melon/status/1275663250336686081
2020-06-24 05:33:08,YaFeelMe615,"Nah libra but Iâ€™m",https://twitter.com/YaFeelMe615/status/1275663226999582722
2020-06-24 05:33:06,Amanda38369196,"Too much whiskey on the weekend not again...",https://twitter.com/Amanda38369196/status/1275663219546304517
2020-06-24 05:33:06,tammyingram,"Ugh, I want to see it, but I have to",https://twitter.com/tammyingram/status/1275663216815808512
2020-06-24 05:33:02,loonslitz,"ily â€” omg thanks bae ilu too https://curiouscat.qa/max____0/post/1114806952 â€¦",https://twitter.com/loonslitz/status/1275663200529321985
2020-06-24 05:33:00,zoe_cracknell,"It was ridiculously hot last night. Ollie woke up 5 times",https://twitter.com/zoe_cracknell/status/1275663194669842438
2020-06-24 05:33:00,ravenselle1,"Writing makes me sleepy",https://twitter.com/ravenselle1/status/1275663191792668672
2020-06-24 05:32:58,chrisisaiahlove,"Iâ€™m slept on fs",https://twitter.com/chrisisaiahlove/status/1275663182783225857
2020-06-24 05:32:55,jagxen1,"Then get them done problem solved",https://twitter.com/jagxen1/status/1275663170292547584
2020-06-24 05:32:54,smkookiekookie,"Borlogs",https://twitter.com/smkookiekookie/status/1275663168799416321
2020-06-24 05:32:42,Funtimefreckle,"Oh don't tell me.... they planted it.",https://twitter.com/Funtimefreckle/status/1275663118337744899
2020-06-24 05:32:38,AbyssCrimzy,"Goodnight",https://twitter.com/AbyssCrimzy/status/1275663099941589001
2020-06-24 05:32:37,KanePurifoy,"Clockin out",https://twitter.com/KanePurifoy/status/1275663098175721472
2020-06-24 05:32:34,peterpool_3,"Drinking and listening to music alone is sooooo chill",https://twitter.com/peterpool_3/status/1275663082992340992
2020-06-24 05:32:31,tyscult,"ignore â€˜sad songsâ€™ in my recents on itunes i was going thru it yesterday",https://twitter.com/tyscult/status/1275663070271016961
2020-06-24 05:32:27,LFCembani_,"Haa gandu Good morning",https://twitter.com/LFCembani_/status/1275663055263870976
2020-06-24 05:32:26,nAnA_ripB,"Night",https://twitter.com/nAnA_ripB/status/1275663049563799552
2020-06-24 05:32:20,violetflame16,"Canâ€™t wait! But if itâ€™s anything like the pillow- swoon",https://twitter.com/violetflame16/status/1275663025534631936
2020-06-24 05:32:15,ang33el,"Yo where my soulmate at already fuck these hoes",https://twitter.com/ang33el/status/1275663004311474176
2020-06-24 05:32:15,taetub,"goodnight pic.twitter.com/1uIdSiz0eu",https://twitter.com/taetub/status/1275663003040591874
2020-06-24 05:32:13,kingquismason,"Good night to everyone except Machelle Caruso-Cabrera & Elliot Engel",https://twitter.com/kingquismason/status/1275662994270273539
2020-06-24 05:32:01,moonjinniie,"i miss reading the diary of a wimpy kid series those were funny",https://twitter.com/moonjinniie/status/1275662944207015936
2020-06-24 05:32:01,drdenisedixon,"Another interesting article on #SleepHygiene . Strange Things You Didn't Know Were Wrecking Your Sleep | Reader's Digest http://bit.ly/2t22WAX",https://twitter.com/drdenisedixon/status/1275662944072863746
2020-06-24 05:31:59,defencelousst,"i just saw you streaming icarus falls love that",https://twitter.com/defencelousst/status/1275662937185751040
2020-06-24 05:31:58,sqsqsqsqsqzc,"can i have this please :-((",https://twitter.com/sqsqsqsqsqzc/status/1275662933943558147
2020-06-24 05:31:52,_marssse_,"Iâ€™m so mofuqin tired",https://twitter.com/_marssse_/status/1275662908626735104
2020-06-24 05:31:52,Dnero_96,"Watching good boys and calling it a night",https://twitter.com/Dnero_96/status/1275662906223460352
2020-06-24 05:31:50,DimeePeaace,"& I hear crickets",https://twitter.com/DimeePeaace/status/1275662897159471105
2020-06-24 05:31:48,LibniPichardo,"some of yâ€™all ainâ€™t never had no real bitch and it shows",https://twitter.com/LibniPichardo/status/1275662889634979840
2020-06-24 05:31:48,glowingrossie_,"fuck it im asking now",https://twitter.com/glowingrossie_/status/1275662888976420864
2020-06-24 05:31:45,MJhogasundram,"You know it's bedtime when... via @planetpng #chick #animals #animallovers #nature #cute #adorable #positiveenergy pic.twitter.com/504XMFvdA8",https://twitter.com/MJhogasundram/status/1275662878318739456
2020-06-24 05:31:39,Sirivycarter_,"Can we get an acoustic cover of you & Destin Conrad singing â€œClosure?â€ @Kehlani",https://twitter.com/Sirivycarter_/status/1275662852901265410
2020-06-24 05:31:33,herronsdjs,"Whattt!!?? Like Hey guys! Im just ZZZ!",https://twitter.com/herronsdjs/status/1275662827848634368
2020-06-24 05:31:33,Miglefigle,"Goodnight to everyone except racists, homophobes, sexists and transphobes",https://twitter.com/Miglefigle/status/1275662826338729984
2020-06-24 05:31:27,headfallsoff,"I'm confused, so you DO think The Last of Us needed a sequel? â€” lol if this is about the tweet the other day that was a joke about how the ending of TLOU1 is not ambiguous and gamers would know this if they had read a book.https://curiouscat.qa/headfallsoff/post/1114802482 â€¦",https://twitter.com/headfallsoff/status/1275662804721303552
2020-06-24 05:31:27,i_kandyy,"todayâ€™s workout was intense,",https://twitter.com/i_kandyy/status/1275662804373180416
2020-06-24 05:31:26,AntDaGr8,"i can do the same drill as a dude in the nfl. same speed, same EVERYTHING. when i post no recognition. they post - â€œ omg heâ€™s working so hard not too many movin like that â€œ then overtime & bleacher report etc.",https://twitter.com/AntDaGr8/status/1275662798241050624
2020-06-24 05:31:25,SimonBe32441764,"Night Brenda. x",https://twitter.com/SimonBe32441764/status/1275662794063581187
2020-06-24 05:31:19,zukoclt,"sleeping on the couch fo tonight",https://twitter.com/zukoclt/status/1275662767610040322
2020-06-24 05:31:15,JoKiddo,"Before I ask for detectives to solve this mystery: I raked the courtyard this morning (learning Zen raking) and had smoothed it out. Tonight I see these deep foot prints or hoof prints of SOMETHING inside the wall. Inside! Man or beast? Neither response is good. pic.twitter.com/Tb4Q4at0yW",https://twitter.com/JoKiddo/status/1275662752489635840
2020-06-24 05:31:12,retsebez,"Good Night Isabella...Sweet Dreams...",https://twitter.com/retsebez/status/1275662738170294275
2020-06-24 05:31:03,RonaldH58886329,"Frm Wah DaiiiMi Siii Some A Demm Gyolll Yahhh Video Dem Self Inna Bathroom A Bathe ...All A Lik Off Tongue And A Play Freaky Song ... Mi Can Bet My Life Seh A The Only Time That Dem Bathe ... Mummma Nobody Nuh Wah Si Uh Enu",https://twitter.com/RonaldH58886329/status/1275662702023770114
2020-06-24 05:31:01,b_jacks03,"these are the ugliest mf things i have ever seen...pic.twitter.com/NmFfzrPvBN",https://twitter.com/b_jacks03/status/1275662694759227393
2020-06-24 05:30:56,dinaa_xox,"Instagram isnâ€™t fun anymore itâ€™s just full of complaints now",https://twitter.com/dinaa_xox/status/1275662670755176449
2020-06-24 05:30:55,kara1013,"a looooot of yâ€™all from hs built your whole personalities around dating black men and loving only black man and your silence is so SO loud rn i see you. i donâ€™t support you. i donâ€™t respect you.",https://twitter.com/kara1013/status/1275662670394535941
2020-06-24 05:30:53,zainaaaaabbbb,"Billie Eilish unfollowed all the people who were abusers and others too. We stan",https://twitter.com/zainaaaaabbbb/status/1275662659409584128
2020-06-24 05:30:52,SwetiYetiTribe,"We chillin getting in one more late night shift in before I gotta work in the am #GamerProblems",https://twitter.com/SwetiYetiTribe/status/1275662654032543748
2020-06-24 05:30:47,FriasL82,"goodnight yâ€™all pic.twitter.com/JTKZsHMOLY",https://twitter.com/FriasL82/status/1275662636252880897
2020-06-24 05:30:44,JO1SVT24,"Goodnight",https://twitter.com/JO1SVT24/status/1275662622508056579
2020-06-24 05:30:43,bigchris_76,"Watch who you call your brother, they hating on the low",https://twitter.com/bigchris_76/status/1275662620104818688
2020-06-24 05:30:43,CHRistinaK77,"Good nite from the States, Sir",https://twitter.com/CHRistinaK77/status/1275662616376074243
2020-06-24 05:30:34,Eksray1A,"Follow everyone who likes and rt this ,,,",https://twitter.com/Eksray1A/status/1275662579331936256
2020-06-24 05:30:21,iFlashbtw,"How many will say goodnight?",https://twitter.com/iFlashbtw/status/1275662524072046592
2020-06-24 05:30:12,jaacqueline24,"Goood night pic.twitter.com/lN1kxozVJk",https://twitter.com/jaacqueline24/status/1275662490110697473
2020-06-24 05:30:12,_supercoolgirl,"Itâ€™s upsetting me and my homegirl ØŒ like can we just chill",https://twitter.com/_supercoolgirl/status/1275662489896783878
2020-06-24 05:30:11,pquetwinkguy,"I need this now https://twitter.com/craveries/status/1275456153313439749 â€¦",https://twitter.com/pquetwinkguy/status/1275662483534024704
2020-06-24 05:30:09,NessNoss1970,"Not another celeb one",https://twitter.com/NessNoss1970/status/1275662475627843587
2020-06-24 05:30:08,Brysonbrown20,"GoodNight",https://twitter.com/Brysonbrown20/status/1275662469558603776
2020-06-24 05:30:07,GigiDiamond5,"Good Morning! It's 6AM and I need coffee so badly #nylonspic.twitter.com/F1lHCnZgrF",https://twitter.com/GigiDiamond5/status/1275662469210529792
2020-06-24 05:30:05,DuragRich,"He a scammer donâ€™t do it",https://twitter.com/DuragRich/status/1275662460213768192
2020-06-24 05:30:01,lorenia_duarte,"Nite nite",https://twitter.com/lorenia_duarte/status/1275662441825927170
2020-06-24 05:30:00,dare2bdiverse,"Good Night",https://twitter.com/dare2bdiverse/status/1275662436394315776
2020-06-24 05:29:55,TrudyKane13,"Wouldnâ€™t know much about sleep always tired",https://twitter.com/TrudyKane13/status/1275662414978179074
2020-06-24 05:29:52,WedShaikh,"Mood: amr diab #wednesdaymorning",https://twitter.com/WedShaikh/status/1275662403821322246
2020-06-24 05:29:51,Polarized99,"Such a shame I live so far away ( for Legal reasons this is a joke and I would never inflict bodily harm on anyone) actually Iâ€™m very VERY happy I live far away",https://twitter.com/Polarized99/status/1275662401455751172
2020-06-24 05:29:50,roomcmoo,".....I have serious issues with clinicians who dismiss attempts by patients to track data..that's the antithesis of a scientifically informed health care approach..obsession = bad, but COLLECTING INFORMATION is not inherently obsession. -_-",https://twitter.com/roomcmoo/status/1275662397789941761
2020-06-24 05:29:49,lalohswrld,"Stelling my tweets",https://twitter.com/lalohswrld/status/1275662393729863680
2020-06-24 05:29:47,Fwizles,"No lemme vibe to Keith ape And joji",https://twitter.com/Fwizles/status/1275662384040984578
2020-06-24 05:29:47,Shorttty0305,"When I say I'm tired, in tired! ASF!",https://twitter.com/Shorttty0305/status/1275662383286030343
2020-06-24 05:29:43,Mr_Pixelor,"#pixel #gameart RT @pixelsbyejay: gotta catch Aang all?Â¿?? aHAA I here present you a wipâ€”again. this is super tiring bye #pixelart #ATLA #artphpic.twitter.com/MRBy9CjZ6w",https://twitter.com/Mr_Pixelor/status/1275662366076739588
2020-06-24 05:29:41,WRUlookingat,"oohhh sleep sleep",https://twitter.com/WRUlookingat/status/1275662357583343616
2020-06-24 05:29:40,6rens,"so tired of living i wish i'm a hot pot in my next life",https://twitter.com/6rens/status/1275662353774915587
2020-06-24 05:29:38,AlisonMassielO2,"Good Nigth My wildflowers see you Tomorrow pic.twitter.com/bShEVU664S",https://twitter.com/AlisonMassielO2/status/1275662345323282432
2020-06-24 05:29:16,D_Quintero16,"Iâ€™ve been having so much difficulty sleeping for a while now. Iâ€™m always in my mind at this hour.",https://twitter.com/D_Quintero16/status/1275662253426200576
2020-06-24 05:29:12,malkhawam,"You have an unlimited ammo of that",https://twitter.com/malkhawam/status/1275662237273907206
2020-06-24 05:29:12,Rachhh_Bridgite,"They donâ€™t miss you, they miss what they once had with you",https://twitter.com/Rachhh_Bridgite/status/1275662236229472263
2020-06-24 05:29:10,JustinM78599393,"@lifeforhire Good night to the most gorgeous girl in the world I hope you sleep well babe:]miss ya",https://twitter.com/JustinM78599393/status/1275662228184858624
2020-06-24 05:29:08,jose101093,"I took a nap earlier and now I canâ€™t go to sleep but Iâ€™m gonna make my ass go to sleep.",https://twitter.com/jose101093/status/1275662218584100866
2020-06-24 05:29:03,PreppyKid,"Bruh I love these guys story time this Sunday!!",https://twitter.com/PreppyKid/status/1275662198933803009
2020-06-24 05:29:03,claudiasabrinaa,"5 more daysss",https://twitter.com/claudiasabrinaa/status/1275662197251878913
2020-06-24 05:29:00,TheePhatTimmy,"So weâ€™ve moved from midnight releases to this?",https://twitter.com/TheePhatTimmy/status/1275662187948802054
2020-06-24 05:29:00,renymaru,"it's been a hard day's night",https://twitter.com/renymaru/status/1275662184253702144
2020-06-24 05:28:58,kxtyeh,"who would willingly do all that..",https://twitter.com/kxtyeh/status/1275662178322972678
2020-06-24 05:28:57,coinyourlife,"Twitter Never Sleeps-Love that. I do G â€˜night!",https://twitter.com/coinyourlife/status/1275662173281320966
2020-06-24 05:28:54,afrohawk52,"Shoot I forgot to put Naruto's back. Eh I'll do it in the morning",https://twitter.com/afrohawk52/status/1275662162787291142
2020-06-24 05:28:50,_imjustsleep,"Fuck you Bash",https://twitter.com/_imjustsleep/status/1275662144281948161
2020-06-24 05:28:49,chavarivers23,"Let me just not be a hater and love everybody regardless. I mean thatâ€™s what I be askin from others.. gotta be it to believe it. Hm. Iâ€™ll fasholy sleep on that. .",https://twitter.com/chavarivers23/status/1275662139353632770
2020-06-24 05:28:49,veegotsnacks,"AZ seriously needs to go back into LOCKDOWN. shits so stressful.",https://twitter.com/veegotsnacks/status/1275662139219419136
2020-06-24 05:28:44,goldenshinearmy,"koonight",https://twitter.com/goldenshinearmy/status/1275662119392903168
2020-06-24 05:28:44,FriasL82,"gn goat",https://twitter.com/FriasL82/status/1275662117526556681
2020-06-24 05:28:41,__briannajay__,"nope too late",https://twitter.com/__briannajay__/status/1275662107636314113
2020-06-24 05:28:39,Addicted_to_SK,"My Backup ids @IncompleteMen @SK_For_Lyf",https://twitter.com/Addicted_to_SK/status/1275662097389682689
2020-06-24 05:28:35,uhlyssa__,"Idk why I prolong my sleep since I have to wake up early mornings",https://twitter.com/uhlyssa__/status/1275662080964726784
2020-06-24 05:28:35,malkhawam,"Then whatâ€™s the bad day like",https://twitter.com/malkhawam/status/1275662079802912770
2020-06-24 05:28:29,headfallsoff,"This is an odd question to ask, but here it goes! Is it fair to say that we could read at least some parts of theâ€¦ â€” oh wow this is like the Jackson Final Exam question. i don't think this lens works personally for me because Madoâ€¦https://curiouscat.qa/headfallsoff/post/1114790185 â€¦",https://twitter.com/headfallsoff/status/1275662054343553024
2020-06-24 05:28:26,jj23486465,"Good night homegirl",https://twitter.com/jj23486465/status/1275662044621135872
2020-06-24 05:28:22,anaesteesha,"do you put heat pads on sore muscles? or better if ice? im too tamad to search",https://twitter.com/anaesteesha/status/1275662027034365952
2020-06-24 05:28:20,sports_king_8,"Last chance u need to hurry up and come on",https://twitter.com/sports_king_8/status/1275662018272509953
2020-06-24 05:28:13,taeiliecoree,"me and yuta got the same ones maybe thatâ€™s what iâ€™ve been impulsively piercing my own ears since quarantine started https://twitter.com/yesulip/status/1274060360476168192 â€¦",https://twitter.com/taeiliecoree/status/1275661988128055304
2020-06-24 05:28:09,biggjoe4sho,"Hell nahh, u sleep",https://twitter.com/biggjoe4sho/status/1275661972307161092
2020-06-24 05:28:09,elferrorrr,"Report day Hereâ€™s a song for youâ€¦ Rindu by Amelina https://open.spotify.com/track/7BSqefvBTT6xorG5NOQMpu?si=yVGvBCQ5QrabPWr-fuwhhw â€¦",https://twitter.com/elferrorrr/status/1275661971594137602
2020-06-24 05:28:03,GabeUriahJ,"I deserve ah bad bitch",https://twitter.com/GabeUriahJ/status/1275661946575040512
2020-06-24 05:27:55,Rodrigueezjr7,"Ayyyy ome",https://twitter.com/Rodrigueezjr7/status/1275661912320204802
2020-06-24 05:27:53,LilWhiteBNR,"Donâ€™t shoot your shot Iâ€™m unstable and I talk loud",https://twitter.com/LilWhiteBNR/status/1275661903512113155
2020-06-24 05:27:52,skzlip,"I HAVE WORK IN THE MORNING I WILL BE IN 30 MINS TOPS",https://twitter.com/skzlip/status/1275661900148281344
2020-06-24 05:27:47,__edwardd,"So Stressed I canâ€™t sleep",https://twitter.com/__edwardd/status/1275661880766406657
2020-06-24 05:27:47,lunita_boice,"Rain, rain, rain",https://twitter.com/lunita_boice/status/1275661879919218688
2020-06-24 05:27:42,flyymichael,"SUICIDE BOYS??",https://twitter.com/flyymichael/status/1275661859950075907
2020-06-24 05:27:37,fIowerV,"okay thatâ€™s enough sp*mming for today",https://twitter.com/fIowerV/status/1275661839431589889
2020-06-24 05:27:37,229CharlesG,"Dont ever try me like im one of these sap ass dudes.. Cause nah.",https://twitter.com/229CharlesG/status/1275661839037333505
2020-06-24 05:27:33,NessNoss1970,"Can't imagine Gogglebox will be showing BB 'best' shows (or should I say CBB), it's been one big",https://twitter.com/NessNoss1970/status/1275661822465642496
2020-06-24 05:27:26,AngelLopez661,"Goodnight",https://twitter.com/AngelLopez661/status/1275661791692013569
2020-06-24 05:27:25,Toyota_CAMRYx3,"Kiondra think nobody see her active on Facebook but",https://twitter.com/Toyota_CAMRYx3/status/1275661787434754053
2020-06-24 05:27:22,ahoycarolina,"These are the same people crying about the baphomet statues",https://twitter.com/ahoycarolina/status/1275661776311418881
2020-06-24 05:27:19,KittystchaB,"Itâ€™s all 3..... GN",https://twitter.com/KittystchaB/status/1275661760515670021
2020-06-24 05:27:15,Techience,"Says the one who said â€œLMFAOOOOOOOâ€ twice and has said nothing of value. Gn",https://twitter.com/Techience/status/1275661743822340098
2020-06-24 05:27:12,dillahmss,"it feels like we're confined by the relationship that we have with others. I hope we are fine and get better with the relationship we are in. I didn't think about you at all but suddenly we met in a dream.",https://twitter.com/dillahmss/status/1275661732422320128
2020-06-24 05:27:09,earflingoddity,"for now",https://twitter.com/earflingoddity/status/1275661719537438725
2020-06-24 05:27:08,cherripon_,"lived in japan, can confirm, all of this is pretty spot on",https://twitter.com/cherripon_/status/1275661718014828546
2020-06-24 05:27:07,Tamari64154657,"Its literally 6am in the morning!!! And never got no sleep",https://twitter.com/Tamari64154657/status/1275661712918749184
2020-06-24 05:26:59,savagesutra,"Boring",https://twitter.com/savagesutra/status/1275661680538791936
2020-06-24 05:26:59,aktas_duygu,"GOOD MORNING #WORLD In love with my bed . Today is sunny day #stilltried My wake up alarm song is beautiful voice & melody #StillWithYou by #ì •êµ­ #JUNGKOOK #BTS @BTS_twt @bts_bighitpic.twitter.com/0Q1qPHLp2S",https://twitter.com/aktas_duygu/status/1275661679246934022
2020-06-24 05:26:57,LadyHustle415,"like blood how you notice that i just hopped back on, but thats crazy cuz its light weight true i get more phone time with em",https://twitter.com/LadyHustle415/status/1275661671290343425
2020-06-24 05:26:46,luckiiestars,"Hi! Iâ€™ve been meaning to rewatch InuYasha. Iâ€™m finishing Okkoâ€™s Inn then I shall try to sleep.",https://twitter.com/luckiiestars/status/1275661623286431759
2020-06-24 05:26:42,etherlbangtn,"ð“»ð“®ð“¶ð“®ð“¶ð“«ð“®ð“» ð“½ð“±ð“® ð“½ð“²ð“¶ð“®ð“¼ð”€ð“®ð“±ð“ªð“­ð“½ð“±ð“® ð“½ð“²ð“¶ð“®ð“¼ ð“½ð“±ð“ªð“½ð”‚ð“¸ð“¾ ð“ªð“·ð“­ð“¶ð“® ð“±ð“ªð“­",https://twitter.com/etherlbangtn/status/1275661607654350850
2020-06-24 05:26:38,SheBangz,"Iâ€™m so sleepy",https://twitter.com/SheBangz/status/1275661591044816898
2020-06-24 05:26:38,cuacaharini,"Andd you're there Choi https://twitter.com/ShiSpecial/status/1036214150169419776?s=19 â€¦",https://twitter.com/cuacaharini/status/1275661590319304704
2020-06-24 05:26:34,YungeenTee3,"Itâ€™s sum of my exâ€™s Iâ€™ll fw again the others I just regret even knowin yâ€™all hoes",https://twitter.com/YungeenTee3/status/1275661572187328512
2020-06-24 05:26:32,paymoni15,"I need a new phone I seriously have to beat this mf too work embarrassing asf.",https://twitter.com/paymoni15/status/1275661564276850690
2020-06-24 05:26:30,leticiarnelle,"not even going to entertain that shit no more",https://twitter.com/leticiarnelle/status/1275661557280772098
2020-06-24 05:26:29,Aboogiebih,"Just now waking up shower and alil weed all a nigga need",https://twitter.com/Aboogiebih/status/1275661553510080522
2020-06-24 05:26:28,karthik_thinks,"Only Mr. @TTVDhinakaran is actually concerned about the future of students & youth ! Others are",https://twitter.com/karthik_thinks/status/1275661548699123720
2020-06-24 05:26:25,WestCoastPromoX,"Cum and hang with the sexy @SamiParkerxxx as sheâ€™s cosplays as a sexy forest elf tell her all your naughty fantasies and desires today donâ€™t sleep or keep her waiting https://onlyfans.com/samiparkerxxx pic.twitter.com/rq11qKAEB2",https://twitter.com/WestCoastPromoX/status/1275661536636346369
2020-06-24 05:26:25,dee_tnm,"goodnight zzz https://twitter.com/lexcals/status/1275509488531968000 â€¦",https://twitter.com/dee_tnm/status/1275661534035877892
2020-06-24 05:26:22,wintersIoki,"Goodnight",https://twitter.com/wintersIoki/status/1275661524183498753
2020-06-24 05:26:17,PakhiDaTweeter2,"Thank you for the update, I can go to sleep now",https://twitter.com/PakhiDaTweeter2/status/1275661503098748931
2020-06-24 05:26:17,brelaflame,"or the tv on low and just",https://twitter.com/brelaflame/status/1275661501777481729
2020-06-24 05:26:14,CleansideWoard,"Tied eshit",https://twitter.com/CleansideWoard/status/1275661488800358402
2020-06-24 05:26:14,joshjour0411,"3000 ish people. Who's co-founder is off to jail.",https://twitter.com/joshjour0411/status/1275661487919562754
2020-06-24 05:26:11,xoj_16,"I did so many house projects today",https://twitter.com/xoj_16/status/1275661478809538562
2020-06-24 05:26:10,softgirlrobin,"literally had so many orgasms today tht my body is completely wiped out im so tired",https://twitter.com/softgirlrobin/status/1275661472245440516
2020-06-24 05:26:10,IamHonezty,"Gn peeps take care okay",https://twitter.com/IamHonezty/status/1275661471301730312
2020-06-24 05:26:06,davoodsandstorm,"Working on the weekend like usual https://twitter.com/sheabagel/status/1275652417909149696 â€¦",https://twitter.com/davoodsandstorm/status/1275661454851653632
2020-06-24 05:26:04,setsunavie,"I'm sleepy because of openrec streaming",https://twitter.com/setsunavie/status/1275661446953787393
2020-06-24 05:26:03,Chan39_314,"iTunes",https://twitter.com/Chan39_314/status/1275661442801438720
2020-06-24 05:26:00,wolveriffverine,"InshaAllah one fine day. But you deserve a gentleman.",https://twitter.com/wolveriffverine/status/1275661432776986625
2020-06-24 05:25:58,yaniiguaraz,"lmaooo I would always show up to the airport half asleep https://twitter.com/yasserbouch22/status/1275421476146069504 â€¦",https://twitter.com/yaniiguaraz/status/1275661422429601792
2020-06-24 05:25:57,Cravn_MO0REHEAD,"Gâ€™nite... pic.twitter.com/lTCVUaYyD9",https://twitter.com/Cravn_MO0REHEAD/status/1275661419229466626
2020-06-24 05:25:54,MissGato2,"It doesnâ€™t help you physically fall asleep , it just helps you stay asleep once you do pass out so you can Hit REM",https://twitter.com/MissGato2/status/1275661405845360642
2020-06-24 05:25:51,lexiqmc_,"goodnight",https://twitter.com/lexiqmc_/status/1275661391509282816
2020-06-24 05:25:48,nancyyheri,"Goodnight peeps Iâ€™ll be praying for better days for you and I. Bless yaallll.",https://twitter.com/nancyyheri/status/1275661378892824576
2020-06-24 05:25:45,malkhawam,"This...... is legit scary",https://twitter.com/malkhawam/status/1275661370122518530
2020-06-24 05:25:45,Does707,"so annoying",https://twitter.com/Does707/status/1275661368864235526
2020-06-24 05:25:41,Sunshine2Wish,"Goodnight beautiful people! or morning for me night",https://twitter.com/Sunshine2Wish/status/1275661351445241857
2020-06-24 05:25:40,eeeileeennn,"I donâ€™t know what ur talking about",https://twitter.com/eeeileeennn/status/1275661349369061379
2020-06-24 05:25:40,CricCrazyNIKS,"Good morning https://twitter.com/CricCrazyNIKS/status/1275445850055950336 â€¦",https://twitter.com/CricCrazyNIKS/status/1275661349054447618
2020-06-24 05:25:34,Tashaa_Meadows,"Todayâ€™s 6am start is already killing me off ffs is it bedtime yet?",https://twitter.com/Tashaa_Meadows/status/1275661321183387649
2020-06-24 05:25:24,SweetheartSukeB,"I need to be I have a meeting in the morning..",https://twitter.com/SweetheartSukeB/status/1275661280133726209
2020-06-24 05:25:24,hxydszn07,"I do this shit in my sleep https://twitter.com/leanandcuisine/status/1275493551275757575 â€¦",https://twitter.com/hxydszn07/status/1275661278820945922
2020-06-24 05:25:23,jessizamess1,"Y wonâ€™t the loml text me back",https://twitter.com/jessizamess1/status/1275661274051903493
2020-06-24 05:25:19,aweeeSAM_,"Just woke up but yah girl is still sleepy so I'mma sleep again",https://twitter.com/aweeeSAM_/status/1275661258432417793
2020-06-24 05:25:14,Mr2ooNice,"Damn Spotify sleep",https://twitter.com/Mr2ooNice/status/1275661240208105472
2020-06-24 05:25:08,Vlntno01,"Night",https://twitter.com/Vlntno01/status/1275661214316724225
2020-06-24 05:25:07,ruuSidheart,"Good morning FC",https://twitter.com/ruuSidheart/status/1275661207870091264
2020-06-24 05:25:06,JohnMur10462845,"Good night my friend",https://twitter.com/JohnMur10462845/status/1275661205286408193
2020-06-24 05:25:06,ErinGoBORO,"I did acupuncture/cupping... hurt so bad, but Iâ€™m about to sleep like Rip Van Winkle...",https://twitter.com/ErinGoBORO/status/1275661203398934536
2020-06-24 05:25:01,AnthonyT_94,"Iâ€™m bout to sleep like a King tonight",https://twitter.com/AnthonyT_94/status/1275661182733619201
2020-06-24 05:24:58,vitordascunhas,"Always...https://twitter.com/aethosnia/status/1275084245682327554 â€¦",https://twitter.com/vitordascunhas/status/1275661170884644864
2020-06-24 05:24:55,LaurieMit,"Itâ€™s that time Blurry Tweets Be kind Stay Calm Iâ€™m out pic.twitter.com/vknErlEHfA",https://twitter.com/LaurieMit/status/1275661159618797579
2020-06-24 05:24:46,jxsswrld,"good idc",https://twitter.com/jxsswrld/status/1275661122318798850
2020-06-24 05:24:43,canyonkiwis,"zendaya is the most beautiful person alive bye",https://twitter.com/canyonkiwis/status/1275661108423032834
2020-06-24 05:24:43,MsDarseJackson,"Goodnight",https://twitter.com/MsDarseJackson/status/1275661106745409536
2020-06-24 05:24:33,m_w_josh_01,"Good morning sir! Iâ€™m about ready for bedtime here.",https://twitter.com/m_w_josh_01/status/1275661066245156866
2020-06-24 05:24:32,Lucy51602801,"hello thank you lovely friend good morning and night kisses tenderness https://twitter.com/HNmttcY3QAJvor1/status/1275658543056793602 â€¦",https://twitter.com/Lucy51602801/status/1275661060243144708
2020-06-24 05:24:27,martha_slz,"Omg same my baby has been so fuzzy lately! He literally needs my attention 24/7 itâ€™s tiring",https://twitter.com/martha_slz/status/1275661039237988352
2020-06-24 05:24:25,AdInfinitum0110,"Goodnight pic.twitter.com/xdKwu2JIFW",https://twitter.com/AdInfinitum0110/status/1275661030853615622
2020-06-24 05:24:23,RCaorlin,"Good night folks!",https://twitter.com/RCaorlin/status/1275661022469271553
2020-06-24 05:24:22,kestontnt,"Trump and you both, man.https://twitter.com/RishiSunak/status/1275424549476208640 â€¦",https://twitter.com/kestontnt/status/1275661020904726529
2020-06-24 05:24:22,wavyrodneyy,"They do. If they get exposed for the cappin. Or they text you @idagold__https://twitter.com/isaiassuazo223/status/1275660640745664513 â€¦",https://twitter.com/wavyrodneyy/status/1275661019893960707
2020-06-24 05:24:22,HBUwUapex,"1000s a month from it yessir",https://twitter.com/HBUwUapex/status/1275661019826831360
2020-06-24 05:24:18,Gemiii1711,"Need to sleep",https://twitter.com/Gemiii1711/status/1275661004593147904
2020-06-24 05:24:17,Rshvud,"EXPOSE YOUR PHONE - talal - - - - 0 - Louis life - 100 racks challenge - bruddas gc - innocent nudes - l2abuturki - #/Coldplay - nope - yep - yep - - Kim K emoji for the questions :)",https://twitter.com/Rshvud/status/1275660999664832519
2020-06-24 05:24:13,farnazali34,"Morning",https://twitter.com/farnazali34/status/1275660983831351297
2020-06-24 05:24:11,_cantizano,"Nd com nd",https://twitter.com/_cantizano/status/1275660974465396737
2020-06-24 05:24:09,MikeFraserr,"one thing that spins me out on a daily is when someone acts so innocent about a situation till theyâ€™re called up on it then they play the victim??",https://twitter.com/MikeFraserr/status/1275660963711266816
2020-06-24 05:24:04,dcvesgrande,"ð“»ð“®ð“¶ð“®ð“¶ð“«ð“®ð“» ð“½ð“±ð“® ð“½ð“²ð“¶ð“®ð“¼ð”€ð“®ð“±ð“ªð“­ð“½ð“±ð“® ð“½ð“²ð“¶ð“®ð“¼ ð“½ð“±ð“ªð“½ð”‚ð“¸ð“¾ ð“ªð“·ð“­ð“¶ð“® ð“±ð“ªð“­ pic.twitter.com/c7gw42045T",https://twitter.com/dcvesgrande/status/1275660943482130432
2020-06-24 05:24:02,With_Love_1,"Coward terrorist Israeli army man choked Palestinian young boy to death, the so western european countries UNO human right org have closed their eyes & enjoying it. Shame for whole Muslim countries https://twitter.com/jalalsherazi/status/1275655620683800579 â€¦",https://twitter.com/With_Love_1/status/1275660936771182593
2020-06-24 05:24:02,garcia_gibby,"Bored can't sleep ughh....",https://twitter.com/garcia_gibby/status/1275660936372723712
2020-06-24 05:24:01,YatesLfc,"One More B4 try for''Soul Love"" LFCfamily WorldWide YNWAHereâ€™s a song for youâ€¦ Soul Love - 2012 Remaster by David Bowie https://open.spotify.com/track/1bo6xzrCrK7ocEirC5rrZk?si=mbcHqpEoRTiiLESTFP2Tfg â€¦",https://twitter.com/YatesLfc/status/1275660932912463873
2020-06-24 05:23:59,yooniecraft,"Homophobic for not showing me this photo btw",https://twitter.com/yooniecraft/status/1275660925140336646
2020-06-24 05:23:55,charity_jcm,"Before...",https://twitter.com/charity_jcm/status/1275660907239157762
2020-06-24 05:23:52,JesterTamparong,"Finally got to smell some gunpowder pic.twitter.com/wAlxRAQYop",https://twitter.com/JesterTamparong/status/1275660894803054594
2020-06-24 05:23:52,SlackHQ,"We're an international team and it's the middle of the day in Australia! We appreciate your concern though, and will make sure we get our beauty sleep tonight.",https://twitter.com/SlackHQ/status/1275660894635282432
2020-06-24 05:23:47,JacksonLaiya,"â€œif you took me for granted thatâ€™s a shameâ€ - 6LACK >> spoke nun but the truth",https://twitter.com/JacksonLaiya/status/1275660873063948290
